customer_id,created_at,first_name,last_name,email,phone,email_opt_in,sms_opt_in,call_opt_in
1,2015-01-06,Jermaine,Smith,casey70@example.org,414-446-9504x4573,1,1,1
2,2015-01-17,Derek,Dunlap,,001-504-579-1159x3552,0,0,0
3,2015-01-22,Joshua,Kramer,cweaver@example.org,001-355-571-0598,0,1,0
4,2015-01-26,April,,,(827)613-4322,0,1,1
5,2015-01-28,Philip,,,839.702.5278,0,1,1
6,2015-01-30,Christopher,Cole,michelleharper@example.org,(575)434-6621,1,1,1
7,2015-02-01,Matthew,,,,0,0,0
8,2015-02-06,Christopher,,johnsonbruce@example.com,(916)298-9471x6965,1,1,1
9,2015-02-14,,,michaelwilliams@example.org,(603)720-1324x518,0,0,1
10,2015-02-17,Kim,Brown,,,0,0,0
11,2015-02-20,Alexandria,Good,,231-314-6666x769,0,1,1
12,2015-02-21,Ruth,,qgreene@example.com,+1-242-749-0811x0587,1,0,1
13,2015-02-22,Matthew,Banks,phillipsmary@example.org,+1-406-651-3656,1,1,1
14,2015-02-23,Rachel,,robert11@example.org,583.715.8504,1,1,1
15,2015-02-24,Christopher,Thomas,dwilliamson@example.com,3013209532,0,1,0
16,2015-02-26,,Molina,,001-309-411-5056x257,0,1,1
17,2015-03-03,Haley,Roberts,,875.262.1624,0,1,1
18,2015-03-09,Alexandra,Soto,portermakayla@example.org,,1,0,0
19,2015-03-11,James,,,(635)979-9415,0,0,1
20,2015-03-14,William,,qmoon@example.org,,1,0,0
21,2015-03-15,Heather,,njohnson@example.org,(908)344-6739x4066,0,1,1
22,2015-03-21,,Robinson,christopheryoung@example.net,,0,0,0
23,2015-03-21,,,joshuajohnson@example.org,939-786-6055,1,0,1
24,2015-04-05,Taylor,Ford,gregory52@example.com,,1,0,0
25,2015-04-06,Sheila,Fisher,,(915)403-5806,0,0,0
26,2015-04-11,Gina,Frederick,nanthony@example.org,+1-665-559-5655x7517,0,1,1
27,2015-04-13,Daniel,,,,0,0,0
28,2015-04-16,Richard,,brownjoshua@example.org,,1,0,0
29,2015-04-18,Kathleen,Wood,,934.358.8276x06005,0,1,1
30,2015-04-22,Stacey,Howell,marcus93@example.org,(279)952-7054x739,0,1,1
31,2015-04-28,Robert,Rosario,tmurray@example.org,,1,0,0
32,2015-04-30,Paul,Huber,,,0,0,0
33,2015-04-30,Marc,,floresmichelle@example.net,(733)896-0736,1,1,1
34,2015-05-04,Denise,Savage,samanthaneal@example.com,421-929-1441x819,1,1,1
35,2015-05-09,Valerie,Garcia,jessereyes@example.org,5173799795,1,1,1
36,2015-05-16,Randy,Bradford,torreskevin@example.org,,1,0,0
37,2015-05-22,Robert,Miles,aguilarmartha@example.com,,0,0,0
38,2015-05-26,Kevin,Charles,bradley65@example.org,(608)665-1050,1,1,0
39,2015-05-28,Daniel,,william32@example.org,+1-812-419-2419,0,0,1
40,2015-05-28,Dale,Evans,,,0,0,0
41,2015-05-29,Lauren,,matthew60@example.com,,1,0,0
42,2015-06-09,Thomas,Weeks,lmcguire@example.org,,1,0,0
43,2015-06-13,Amy,,,,0,0,0
44,2015-06-19,Johnny,Moreno,,946-246-5123,0,0,1
45,2015-06-21,Barbara,Davis,,,0,0,0
46,2015-06-29,Melanie,Madden,nicholasmurphy@example.org,662-297-0887x3435,0,1,1
47,2015-06-29,Michelle,,,557.466.2960x91927,0,1,1
48,2015-06-30,Kyle,,nmartinez@example.com,(675)339-6956x869,1,0,1
49,2015-06-30,Erica,,lisa63@example.com,(871)499-4197x1732,1,1,1
50,2015-07-05,Michael,Palmer,,,0,0,0
51,2015-07-05,Corey,Morris,mcdonaldkenneth@example.com,(257)363-2301,1,1,1
52,2015-07-11,Summer,,lopezchristopher@example.org,,1,0,0
53,2015-07-13,Sarah,May,amandahester@example.net,432-655-1538x35336,1,1,0
54,2015-07-14,Steven,,,,0,0,0
55,2015-07-15,David,,,(993)348-6718x8495,0,0,1
56,2015-07-18,,,landerson@example.net,784-912-7265x3679,1,1,1
57,2015-07-19,Timothy,,,001-648-864-6711x0338,0,0,0
58,2015-07-22,Brian,,walkerkelsey@example.net,,1,0,0
59,2015-07-22,,Rodriguez,julienguyen@example.net,323.864.5749,0,1,1
60,2015-07-23,Howard,,marthasmith@example.net,(858)965-0698x44567,0,1,1
61,2015-07-23,Justin,,,(587)863-4681,0,1,1
62,2015-07-27,Jeremy,Deleon,andersonjohn@example.net,,1,0,0
63,2015-07-28,Rebecca,Hill,,(302)623-0741x287,0,0,0
64,2015-07-28,David,,evanskimberly@example.net,+1-453-652-9894,1,0,1
65,2015-08-12,David,,,(682)262-8055x670,0,1,1
66,2015-08-14,Marissa,,dixonmichael@example.org,,1,0,0
67,2015-08-17,John,,,737.593.7789,0,1,0
68,2015-08-23,Amanda,,robertpayne@example.net,001-682-443-0811,1,1,0
69,2015-08-24,Kimberly,Diaz,dshaw@example.org,208-947-8689x4327,0,1,1
70,2015-08-29,Kevin,,connorshaw@example.com,926-286-4305,0,1,1
71,2015-09-01,Jill,Crane,hgrant@example.org,542.282.0312,0,1,1
72,2015-09-12,Angela,Jennings,charles35@example.org,,0,0,0
73,2015-09-13,John,Farrell,jeffrey61@example.net,(361)616-3947x145,1,1,0
74,2015-09-17,,Jennings,normansteven@example.org,(297)363-9405x773,1,1,1
75,2015-09-24,Mikayla,Doyle,,885-767-3234x3565,0,1,1
76,2015-09-30,Michaela,,brenda24@example.org,546.580.5743x4505,0,1,1
77,2015-09-30,Craig,Norton,,810.602.4342x49893,0,1,0
78,2015-09-30,Aaron,,ericafoster@example.net,(791)359-5428,0,1,1
79,2015-10-03,Eric,Walters,,478.714.4950,0,1,1
80,2015-10-03,Gerald,James,bauergregory@example.com,001-284-535-3101,0,1,0
81,2015-10-07,Margaret,Calhoun,brandon31@example.org,(561)847-5634,1,0,1
82,2015-10-18,Lindsey,,alangonzalez@example.com,001-999-499-0443x7809,0,1,1
83,2015-10-25,Steven,Martinez,sheryl35@example.net,991-205-2848x664,1,1,1
84,2015-11-02,Raymond,,,(505)363-9561x33158,0,1,1
85,2015-11-09,Amanda,Rodriguez,molinajessica@example.com,+1-931-413-6697x4578,1,1,1
86,2015-11-09,Denise,Ortega,kimberlynelson@example.org,,1,0,0
87,2015-11-13,Roberto,Powell,erin90@example.com,001-301-233-2375,1,1,1
88,2015-11-13,Linda,,wesleymiller@example.com,268-997-8037,1,1,1
89,2015-11-15,Daniel,Maynard,amber89@example.net,697-906-9909,1,1,1
90,2015-11-20,John,,ychen@example.com,465.673.1213,0,1,1
91,2015-11-23,Julia,,summermorgan@example.org,924.926.0822x235,1,1,1
92,2015-11-26,Mary,Maynard,bklein@example.net,953-269-2836x68313,1,1,1
93,2015-12-02,John,,gordon86@example.net,548-848-1517,1,1,1
94,2015-12-08,Nicole,Harris,lopezdavid@example.org,(623)299-7621,1,1,1
95,2015-12-10,David,,michelehunt@example.org,(989)890-7561,0,1,1
96,2015-12-14,Jessica,,,001-609-564-9310x9124,0,1,1
97,2015-12-19,Heather,,psmith@example.org,315.821.3797x41664,0,1,1
98,2015-12-26,Justin,,,2929550950,0,1,1
99,2016-01-02,Shannon,Pittman,riverarobert@example.net,,1,0,0
100,2016-01-05,Jay,,danielrose@example.org,,1,0,0
101,2016-01-11,Dawn,Sparks,,854.601.6649x461,0,1,1
102,2016-01-11,Lauren,,joshuamartinez@example.org,802-911-0971x9014,0,1,1
103,2016-01-12,Matthew,,henryscott@example.net,837-789-9889,0,1,1
104,2016-01-12,Kristina,Williams,perezdawn@example.com,(825)969-7182x4429,1,0,0
105,2016-01-15,Dawn,Pratt,daughertydave@example.net,,1,0,0
106,2016-01-23,,Cole,,(356)201-5447,0,1,1
107,2016-01-26,Tiffany,,,548.708.3579x036,0,1,1
108,2016-01-29,Mark,Ryan,nelsonlisa@example.com,,0,0,0
109,2016-02-13,Miguel,Fisher,,,0,0,0
110,2016-02-15,Eric,Matthews,munozjohn@example.com,+1-775-576-4142x983,1,1,1
111,2016-02-17,Nicholas,,crystalreynolds@example.com,,0,0,0
112,2016-02-22,Scott,Baldwin,,401-625-0598x34223,0,1,1
113,2016-02-22,Holly,Vega,kurt49@example.com,463-539-6706x8042,1,1,1
114,2016-02-25,Kayla,Mckenzie,,+1-794-908-3181x216,0,1,0
115,2016-02-26,Johnny,,,(685)421-2072,0,1,1
116,2016-03-02,Dustin,,jeffrey37@example.com,722.355.7280,0,1,0
117,2016-03-07,Amy,Lin,tmorgan@example.com,897-871-9753x5695,0,1,1
118,2016-03-12,Teresa,Williams,kimberly83@example.com,(910)852-3265x096,1,1,0
119,2016-03-17,Nicholas,Hernandez,timothyshort@example.net,001-393-967-4771,0,0,1
120,2016-03-19,Brandon,,,+1-508-800-5282x082,0,1,1
121,2016-03-25,Adam,,ucruz@example.net,+1-924-398-3285x962,1,1,1
122,2016-04-02,Brandon,,ole@example.org,001-559-265-2041x27218,0,1,1
123,2016-04-04,Michael,Skinner,michael45@example.com,(986)670-9160,1,1,1
124,2016-04-05,Deborah,,benjamin50@example.org,218.529.3894,1,1,0
125,2016-04-05,Lisa,Crawford,,767.368.4532x65026,0,1,1
126,2016-04-09,Christopher,Morgan,kingbrenda@example.com,001-892-790-1837x182,1,1,1
127,2016-04-16,Alyssa,,robersonmaurice@example.org,+1-416-221-7536,1,0,1
128,2016-05-01,Cassandra,,stokesjennifer@example.net,405.326.3201,0,0,1
129,2016-05-09,,Schroeder,kevin74@example.org,+1-905-945-6963x42341,0,1,1
130,2016-05-22,Tina,,stephanie96@example.com,,1,0,0
131,2016-05-23,Katrina,,plee@example.org,+1-667-451-3006,1,1,1
132,2016-05-25,Mark,Mcmillan,apena@example.org,+1-892-874-4068x59586,1,1,1
133,2016-05-28,Samantha,Torres,mcdonaldgilbert@example.org,(974)218-9960x09364,1,1,1
134,2016-06-01,Sean,,dyoung@example.com,,1,0,0
135,2016-06-03,Charles,Hendricks,laceyball@example.org,6474643211,1,1,1
136,2016-06-07,Jennifer,Medina,griffithrobert@example.net,+1-953-748-2345x436,0,1,0
137,2016-06-12,Rachel,Rodgers,jacksonjennifer@example.com,,1,0,0
138,2016-06-24,Nancy,Todd,danielhernandez@example.net,,0,0,0
139,2016-06-29,Audrey,,ucook@example.com,838-770-2569,0,1,0
140,2016-06-30,Anthony,Morales,andrea48@example.net,257-927-2906,0,1,0
141,2016-07-02,Carla,Frederick,bethanymullins@example.com,001-613-820-4868x545,0,1,1
142,2016-07-06,,,ohernandez@example.com,+1-558-317-9785,1,1,1
143,2016-07-06,Vickie,,gary78@example.org,+1-613-597-0793x001,0,1,1
144,2016-07-10,Amanda,Garcia,madisonmiller@example.com,001-246-614-2487x423,1,0,1
145,2016-07-13,Aaron,Williams,sherry32@example.org,,1,0,0
146,2016-07-17,Michael,,stewartmatthew@example.net,785-913-1225x9828,1,1,1
147,2016-07-19,Eric,,dennisschroeder@example.com,(226)767-8890x099,1,1,1
148,2016-07-31,Peter,Jackson,,001-262-343-4107,0,1,0
149,2016-08-12,Matthew,Griffith,,(484)618-8171,0,1,1
150,2016-08-13,Melissa,Black,,(633)567-6243x314,0,1,1
151,2016-08-13,Kyle,,andersonderek@example.org,761-589-8347,1,1,1
152,2016-08-19,,Collins,,,0,0,0
153,2016-08-21,Melissa,,,862.491.8916x0878,0,1,1
154,2016-08-25,Kendra,,acarter@example.com,+1-786-266-7142x87616,1,1,0
155,2016-08-28,Derrick,,,(884)768-4061,0,1,0
156,2016-09-03,Kevin,,dreed@example.net,001-604-493-8495,0,1,1
157,2016-09-07,Sandra,Kim,heather98@example.com,601-450-0821x108,1,1,1
158,2016-09-08,Natasha,,ujohnson@example.net,518-314-9319,1,1,0
159,2016-09-19,Christopher,,,(516)204-1257,0,1,1
160,2016-09-27,Amy,Ford,qrandolph@example.org,+1-210-587-5329,1,1,1
161,2016-09-29,Lauren,,garciadavid@example.net,,0,0,0
162,2016-10-03,Nicholas,,kelly96@example.org,977.988.3823x61566,1,1,1
163,2016-10-09,Noah,Williams,,(750)637-0092,0,1,1
164,2016-10-13,Faith,Wolfe,jgreen@example.org,001-803-449-1284x2505,1,1,1
165,2016-10-24,Jerry,,elizabeth50@example.org,634-860-6488x200,1,1,0
166,2016-10-25,Jessica,Potter,ywalsh@example.net,001-682-434-2736x762,1,1,1
167,2016-10-26,,Rice,bbaldwin@example.com,8354197188,1,1,1
168,2016-10-27,Lisa,Reyes,thomasreed@example.net,(759)990-8955x650,1,1,0
169,2016-11-03,Antonio,Sanchez,ericawalker@example.org,,0,0,0
170,2016-11-05,,Shaffer,jay47@example.net,263-311-8918,1,1,0
171,2016-11-14,Tara,,,+1-645-938-4600x8639,0,1,1
172,2016-11-16,Cheryl,Gonzalez,bmelendez@example.org,9398013206,0,1,1
173,2016-11-16,Joy,,jenniferbridges@example.net,,0,0,0
174,2016-11-17,Matthew,,,9417990345,0,1,1
175,2016-11-26,Jeremy,,shannon34@example.com,+1-773-706-5641x48237,0,1,1
176,2016-11-30,Alyssa,Ryan,laura28@example.org,,1,0,0
177,2016-12-08,Julia,,marshalltheresa@example.com,477-648-0532x11247,1,1,1
178,2016-12-09,Mark,West,rdecker@example.net,6242228397,0,1,1
179,2016-12-14,Andrew,,matthewruiz@example.org,282-709-4923x4396,1,1,1
180,2016-12-14,,,tnguyen@example.net,962.844.0069x48378,1,1,1
181,2016-12-16,Shawn,Campos,,,0,0,0
182,2016-12-18,David,Mclaughlin,qwest@example.com,(539)429-8878,0,1,1
183,2016-12-23,Craig,Green,jimmybarrett@example.org,,1,0,0
184,2016-12-29,Jill,Price,,480.450.6013x66451,0,1,0
185,2016-12-30,Logan,Herrera,,,0,0,0
186,2016-12-31,Thomas,,manuel15@example.com,,1,0,0
187,2017-01-06,Maria,Dominguez,samanthagraves@example.com,001-501-257-8615x03614,0,1,1
188,2017-01-06,Travis,,dmitchell@example.org,225.468.3784,1,1,0
189,2017-01-12,Michael,Taylor,masonana@example.org,371-480-2130,1,0,1
190,2017-01-20,Dale,Carter,uroberts@example.net,001-940-646-7427x786,0,0,1
191,2017-01-20,Mariah,Mora,joannacuevas@example.org,,1,0,0
192,2017-01-27,Antonio,,stonebrandon@example.org,(300)727-0652x94008,1,1,1
193,2017-01-28,Joel,Sanders,amarquez@example.com,,1,0,0
194,2017-01-28,Nicholas,Clark,samantha55@example.net,,1,0,0
195,2017-02-03,Ryan,,,549-781-1283,0,1,1
196,2017-02-05,Melissa,Taylor,jeffreyross@example.com,,0,0,0
197,2017-02-06,Joshua,Moreno,,229-208-5289x078,0,1,0
198,2017-02-11,Ronald,Haas,,953.247.8036x67569,0,1,1
199,2017-02-20,Deborah,,,(792)590-5934,0,1,1
200,2017-02-26,Maria,Blair,zgibson@example.com,,1,0,0
201,2017-02-27,Brenda,Martinez,delgadoholly@example.net,,0,0,0
202,2017-03-01,Joseph,Fox,markreilly@example.net,,0,0,0
203,2017-03-20,,,sylvia01@example.net,(509)410-1892x890,0,1,1
204,2017-03-22,,Anthony,,848-562-4204x445,0,1,0
205,2017-03-30,Tyler,,fwilson@example.org,537-987-0889x14385,1,1,1
206,2017-04-03,Amy,Ingram,kcolon@example.com,5659721151,0,1,1
207,2017-04-06,Larry,Hammond,wilsonchristopher@example.org,(231)893-5762x4923,1,1,1
208,2017-04-08,Michael,,sbaker@example.org,536.416.5663x6962,1,1,1
209,2017-04-09,Stephanie,Hernandez,,+1-288-900-9159x41522,0,1,1
210,2017-04-09,Gabriel,,,+1-537-376-0352,0,1,1
211,2017-04-09,Randy,Robinson,douglasryan@example.com,803-244-4272,0,1,0
212,2017-04-16,,,princejesus@example.net,,1,0,0
213,2017-04-16,Andrew,Ramsey,sarahjohnson@example.net,769.547.6940x55275,0,1,0
214,2017-04-19,Jennifer,,ohouse@example.net,927.525.6722,0,1,1
215,2017-04-20,Adam,Hall,bailey59@example.com,,1,0,0
216,2017-04-20,Frank,,,,0,0,0
217,2017-05-03,Daniel,,,+1-818-816-8318x257,0,1,1
218,2017-05-05,Jacqueline,Carrillo,thompsondustin@example.org,(466)893-0101,1,0,0
219,2017-05-08,Angela,Ortiz,,633.562.3779x769,0,1,0
220,2017-05-14,David,,,001-653-228-2605x555,0,1,1
221,2017-05-14,Sonia,,lisajordan@example.com,744.603.1727x2530,0,1,1
222,2017-05-17,Collin,Hicks,bowmansierra@example.org,(685)388-5742,0,1,1
223,2017-05-17,Deborah,Alexander,,646-431-3199x18080,0,1,0
224,2017-05-18,Devin,King,,2175211450,0,1,0
225,2017-05-25,Patricia,Gallagher,jackiemcdowell@example.org,+1-930-590-6162x785,1,1,1
226,2017-05-30,Robert,Smith,paula39@example.org,599.651.8816,1,1,1
227,2017-06-04,Ashley,Morgan,,,0,0,0
228,2017-06-07,Adam,Walton,,001-849-993-9867,0,1,1
229,2017-06-12,Amanda,,,001-875-507-0610x7839,0,0,0
230,2017-06-13,Julie,,shawnduncan@example.com,001-589-373-5295,0,1,1
231,2017-06-13,Stacy,,djones@example.net,751.484.0050x53827,1,0,1
232,2017-06-15,Daniel,,jeremy39@example.org,+1-629-236-2733,1,0,1
233,2017-06-16,Willie,West,perezkyle@example.net,808-268-6758x534,0,1,1
234,2017-06-19,Devin,Cain,,,0,0,0
235,2017-06-24,,Mcdaniel,,001-768-846-5502x013,0,1,1
236,2017-06-26,David,,lindaharris@example.com,681-740-2157x634,1,1,1
237,2017-06-26,Holly,,woodsvictor@example.org,626.385.6366,0,1,1
238,2017-06-28,Jason,Finley,corey64@example.net,871.311.2196x6158,1,1,0
239,2017-07-05,Wendy,Rivas,drivera@example.com,,0,0,0
240,2017-07-08,Samuel,,ysullivan@example.net,,0,0,0
241,2017-07-10,,,lauraortiz@example.org,,0,0,0
242,2017-07-17,Andrew,Johnson,katherine02@example.com,,1,0,0
243,2017-07-22,Michele,Lane,campbellmichael@example.com,799.564.9192,0,1,1
244,2017-08-02,Michael,Stewart,donald06@example.com,622.483.3213x2484,0,1,1
245,2017-08-03,Jordan,,,001-644-928-3339x03327,0,1,1
246,2017-08-09,Alexander,,georgepotter@example.org,001-214-987-1710x751,0,1,1
247,2017-08-11,Laura,,jessicacole@example.net,580-290-4440,1,1,1
248,2017-08-18,Joshua,,,,0,0,0
249,2017-08-21,Christopher,,cervantestammy@example.net,415.812.8230x62852,1,1,1
250,2017-08-23,Daniel,,tonyamorris@example.com,,0,0,0
251,2017-08-29,Jesus,Hernandez,apriljones@example.com,2654677489,1,1,1
252,2017-08-30,Jennifer,Rice,julia73@example.org,,1,0,0
253,2017-09-03,Dana,,,,0,0,0
254,2017-09-11,Catherine,Anderson,isaacchambers@example.net,559-867-3609x527,0,1,0
255,2017-09-24,Heather,Rivera,laura06@example.net,,1,0,0
256,2017-09-26,Shane,,,+1-604-596-6792,0,0,1
257,2017-09-29,Haley,Sandoval,martinezstephanie@example.com,555-231-1188,1,1,1
258,2017-10-04,Carlos,Bryant,,5037304600,0,0,1
259,2017-10-07,Joseph,Lyons,,001-812-975-7625x5133,0,1,1
260,2017-10-08,Luis,,dennisstephanie@example.org,533.746.2601,0,1,0
261,2017-10-08,Diana,,,001-550-914-7134,0,1,1
262,2017-10-09,Norman,Gardner,ejones@example.net,(246)732-7947x258,0,1,1
263,2017-10-10,Robert,,christopherlawrence@example.net,322.891.9622,0,1,1
264,2017-10-23,Jennifer,Reynolds,latashamullen@example.com,955-418-4929x70106,0,1,1
265,2017-11-05,Tammie,,stephanie76@example.net,568-623-2504x43100,0,1,1
266,2017-11-06,Karla,,milleraaron@example.net,001-291-445-0760,1,1,0
267,2017-11-08,Kimberly,Tate,lori76@example.com,5202757490,1,1,1
268,2017-11-10,Tammy,Allen,,360.223.0608,0,1,0
269,2017-11-11,,Norton,fullerjoshua@example.net,+1-344-535-9668x509,0,0,1
270,2017-11-12,Darren,,,897-451-0698x9975,0,1,0
271,2017-11-18,Jerry,,christinajackson@example.net,479-799-9913,1,1,1
272,2017-11-29,Rebecca,Smith,,745.867.6540,0,1,1
273,2017-12-01,Timothy,,frankjimenez@example.net,(535)464-2643,0,1,1
274,2017-12-03,Albert,Bauer,yroberts@example.net,(646)544-7566,1,1,1
275,2017-12-04,Kevin,,akeller@example.com,928-211-4346x36652,1,1,1
276,2017-12-09,William,,markharvey@example.com,,1,0,0
277,2017-12-12,Gabriel,,dylanpatel@example.net,,1,0,0
278,2017-12-12,Thomas,Houston,wcarter@example.net,9994814530,1,1,1
279,2017-12-13,Natasha,,,,0,0,0
280,2017-12-16,Kimberly,,leah84@example.net,,0,0,0
281,2017-12-19,Ethan,Harris,lweaver@example.net,,0,0,0
282,2017-12-23,Christina,Castro,,(209)578-4582x03293,0,0,1
283,2017-12-23,Joseph,Atkinson,,+1-870-585-9635x210,0,1,1
284,2017-12-26,Candice,Gilbert,maria84@example.com,,1,0,0
285,2017-12-28,Lauren,Holloway,leecolton@example.org,(952)622-8155,1,1,1
286,2018-01-12,Joan,Smith,,(441)366-5807x7536,0,1,0
287,2018-01-20,Douglas,Flores,hannah59@example.net,313.432.7744,1,1,1
288,2018-01-20,Joshua,Turner,,423.629.8606x2221,0,1,0
289,2018-01-22,Frank,Young,elizabeth02@example.com,(968)729-7109x68122,0,1,0
290,2018-01-27,Veronica,,nathan84@example.net,(259)980-7751,1,1,1
291,2018-02-03,Olivia,Harris,ckoch@example.com,001-571-756-5528x243,0,1,1
292,2018-02-15,Amanda,Johnston,nicholas98@example.com,(366)327-4131,1,1,1
293,2018-02-15,Brett,Andersen,phuffman@example.net,881-522-9114,1,1,1
294,2018-02-18,Jasmine,Taylor,ufuller@example.org,,1,0,0
295,2018-02-19,Stacy,Sanchez,pricejason@example.com,,1,0,0
296,2018-02-24,Kerry,,chamberscarla@example.net,(380)232-9115x0488,0,1,1
297,2018-02-26,Richard,Foley,,001-518-386-4293,0,1,0
298,2018-02-26,Destiny,,xbird@example.com,(406)747-3515,1,1,1
299,2018-02-27,Suzanne,,kylie27@example.org,001-529-481-2885x5505,0,1,1
300,2018-02-28,,Jackson,willistiffany@example.net,445.730.4003x2402,1,1,0
301,2018-03-06,John,Werner,,626.311.7493,0,1,1
302,2018-03-10,,,kevinhoffman@example.org,,1,0,0
303,2018-03-20,Jimmy,Weaver,,+1-395-613-5468x106,0,1,1
304,2018-03-24,Martin,Mccoy,,001-438-488-6711x80716,0,1,1
305,2018-03-29,Sarah,Wang,,001-208-314-2795x51199,0,1,1
306,2018-04-03,Ashley,Burke,donna60@example.com,001-921-500-5910x6300,1,1,1
307,2018-04-04,Matthew,Moran,corey45@example.org,(952)445-8494,0,1,1
308,2018-04-11,Susan,,yfisher@example.net,3812566782,1,1,1
309,2018-04-13,Erica,Allen,,(310)985-9240x74806,0,1,0
310,2018-04-14,Lisa,,manuel70@example.org,912.461.9572,1,1,1
311,2018-04-17,Jonathan,Hobbs,millerdanielle@example.net,,1,0,0
312,2018-04-18,Michael,Townsend,alexandramccormick@example.org,919.505.0163,0,1,1
313,2018-04-21,Lindsey,,annette24@example.net,643.819.9509x18774,1,1,1
314,2018-04-29,Elizabeth,Haley,,313-251-1233x36476,0,1,0
315,2018-05-03,Tyler,,ejackson@example.net,605.621.8306x9187,1,1,1
316,2018-05-12,Billy,Lowe,,294-288-4019,0,1,1
317,2018-05-13,Alyssa,,leejennifer@example.com,5419725134,1,1,1
318,2018-05-15,,Davis,butleraaron@example.org,(991)778-5655x7841,0,1,0
319,2018-05-15,Alexandria,Butler,paulahampton@example.net,(534)697-5371,1,1,1
320,2018-05-20,Karen,Bowen,timothy40@example.org,+1-211-460-7884,1,1,1
321,2018-05-24,Michael,York,,(924)535-1663x66821,0,1,1
322,2018-05-24,Evan,Larson,mwallace@example.net,001-391-333-7426x863,1,1,1
323,2018-05-24,Brenda,Moore,,796.284.5103,0,1,1
324,2018-05-25,Felicia,,alan69@example.com,9872188196,1,1,1
325,2018-05-30,Michelle,Burch,,225-673-6727x28058,0,1,1
326,2018-06-09,Christopher,,herrerabrian@example.org,,1,0,0
327,2018-06-14,Steven,,aprilwaters@example.com,7413383427,1,1,1
328,2018-06-18,Lisa,Lee,ebauer@example.com,207.202.2073x717,1,1,0
329,2018-06-29,,,,(582)756-3775,0,1,1
330,2018-06-29,Susan,Chan,sara27@example.org,(263)514-7566x199,1,1,1
331,2018-07-03,Christine,Farrell,benjaminbrown@example.org,,0,0,0
332,2018-07-17,Ashley,Woods,stephen99@example.net,508-833-5509x99293,0,0,0
333,2018-07-22,Brian,,,754.908.4976,0,1,1
334,2018-07-25,Taylor,,michaelmitchell@example.net,(418)964-4059x6215,1,1,1
335,2018-07-27,Holly,,,+1-802-382-9309x44287,0,1,1
336,2018-07-29,Kara,,xshields@example.net,5253627336,0,1,1
337,2018-08-01,,Murray,elizabeth47@example.org,5115380329,0,0,1
338,2018-08-04,Anna,,hhuff@example.org,+1-788-838-3504x7885,0,1,1
339,2018-08-08,Alexis,Ortiz,thomasalvin@example.org,+1-592-916-3756x7487,1,1,0
340,2018-08-10,Mark,Black,adamsjames@example.net,,1,0,0
341,2018-08-14,Gary,Bell,,615.575.0639,0,1,1
342,2018-08-19,Michael,,,512-255-2884x2092,0,1,1
343,2018-08-23,Natalie,,,,0,0,0
344,2018-08-24,Diana,,matthew14@example.net,,1,0,0
345,2018-08-24,James,Pearson,wilsonvicki@example.net,882-985-8057,0,1,1
346,2018-09-08,Kathy,Savage,whitethomas@example.com,289-305-4464x898,1,1,1
347,2018-09-19,Heather,Walsh,,764.998.8568x7940,0,1,1
348,2018-09-20,Carrie,Mitchell,jowens@example.com,(280)269-0152,0,1,0
349,2018-09-26,Richard,Jennings,david38@example.com,,0,0,0
350,2018-10-04,Rachel,Robinson,,560.218.8090,0,1,0
351,2018-10-05,Derrick,Miller,thomas61@example.com,503.766.3118x79223,0,1,0
352,2018-10-08,Maria,,bernard56@example.org,(657)544-3167x088,0,1,1
353,2018-10-09,Jennifer,Wells,daniel80@example.org,(742)213-3479x3134,1,1,0
354,2018-10-23,Kathryn,Allen,carpenterkayla@example.com,(571)611-2912,0,0,1
355,2018-10-24,Amanda,,john61@example.com,684.704.9066x41080,0,1,1
356,2018-10-30,Benjamin,,rebecca11@example.com,(517)520-1970,0,1,1
357,2018-10-31,Daniel,Stephens,,+1-582-497-7824x7770,0,1,0
358,2018-11-08,Thomas,Johnson,icopeland@example.net,+1-309-546-1605,1,1,1
359,2018-11-17,Kevin,,kristinacoleman@example.com,(453)334-9114,1,0,1
360,2018-12-01,Jamie,,danielpowell@example.net,001-568-509-6845x74249,0,1,1
361,2018-12-05,Stephanie,Cook,,712.579.4838,0,1,1
362,2018-12-07,Jeffrey,Morgan,,+1-207-460-4001x14965,0,1,1
363,2018-12-10,Ronald,Mckay,,001-356-456-5718x2925,0,1,0
364,2018-12-13,Brandy,,,(960)822-7570x401,0,1,1
365,2018-12-16,Chelsea,Morales,heatherorr@example.net,,0,0,0
366,2018-12-17,Tiffany,Pittman,rwilkinson@example.com,001-710-284-6826,1,1,1
367,2018-12-22,Kristin,Moore,nicholasking@example.org,+1-306-615-1551x3133,1,1,1
368,2018-12-24,Mark,Wagner,,,0,0,0
369,2018-12-26,Johnny,,nsmith@example.net,740-440-9750x234,0,1,1
370,2018-12-30,Theresa,,kelliday@example.com,+1-599-415-9555x512,0,1,0
371,2018-12-31,George,Moore,stevenshaw@example.net,,1,0,0
372,2019-01-09,Joseph,Doyle,rebecca42@example.net,753-246-6027x437,0,1,1
373,2019-01-10,Shawn,,,001-474-661-2164x15325,0,1,1
374,2019-01-18,Michael,,johnbrooks@example.org,374-742-9183x747,1,1,1
375,2019-01-19,Jonathan,Johnston,,(470)286-2496x56691,0,1,1
376,2019-01-20,Christine,Gutierrez,,(862)214-4976x11425,0,0,1
377,2019-01-23,Lauren,,larry78@example.net,782-395-6456x73961,1,1,0
378,2019-02-01,Mary,,mark91@example.com,8804675725,1,1,1
379,2019-02-06,Marvin,Griffith,rickyharrington@example.net,5962226257,1,1,1
380,2019-02-10,Kristen,York,garybeck@example.org,,1,0,0
381,2019-02-12,Joel,Robbins,melinda17@example.org,(494)731-8186x3729,1,1,1
382,2019-02-15,Brittney,Douglas,carrie88@example.com,+1-636-883-2765,0,1,1
383,2019-02-16,John,,anthonychandler@example.net,975.330.1889x9527,1,1,1
384,2019-02-18,Matthew,Wright,,+1-306-439-3556x8211,0,1,1
385,2019-02-27,Kristopher,Powers,stephanieyu@example.com,,0,0,0
386,2019-02-28,Rachel,,,612.974.0480x7332,0,1,1
387,2019-03-12,Randy,,,001-248-696-3710x59891,0,1,1
388,2019-03-13,,,,,0,0,0
389,2019-03-17,Susan,,,001-616-699-5534x26947,0,1,1
390,2019-03-17,Aaron,Reyes,timothylee@example.com,+1-507-210-4568,0,1,1
391,2019-03-22,Sydney,,acurtis@example.com,,0,0,0
392,2019-03-26,Melissa,Baker,tatenancy@example.org,,1,0,0
393,2019-03-29,William,,sbell@example.com,+1-705-902-3941,1,1,0
394,2019-04-12,Linda,Wheeler,erichayes@example.net,,0,0,0
395,2019-04-16,Sharon,Keller,mmullins@example.com,508.937.9951,1,1,1
396,2019-04-20,Brandon,Rodriguez,moranjoshua@example.org,+1-916-850-1729x612,1,1,1
397,2019-04-24,Michael,,ilee@example.net,001-623-769-1618x2369,1,1,1
398,2019-05-11,Carrie,,forbescollin@example.com,(985)671-4421x021,0,1,1
399,2019-05-13,,Schmidt,halejessica@example.com,,0,0,0
400,2019-05-13,,,montgomerymichael@example.net,+1-770-872-0255x499,0,1,1
401,2019-05-15,Samantha,Fowler,,866-201-9741,0,1,0
402,2019-05-16,Jessica,Kelly,ismith@example.org,(793)390-9816,0,1,1
403,2019-05-16,Robin,Bradford,hmoreno@example.net,,1,0,0
404,2019-05-17,Gregory,Hood,scarson@example.net,294-379-5133,1,1,1
405,2019-05-25,Jessica,Martin,,+1-713-764-5775,0,1,0
406,2019-05-30,Jimmy,Berg,,+1-254-877-0244x063,0,1,1
407,2019-06-03,Paul,,,440-260-1459x771,0,1,1
408,2019-06-06,Marissa,Owens,,(205)963-5440x2202,0,1,0
409,2019-06-08,Raven,,barkerjason@example.com,8908407605,0,1,0
410,2019-06-13,Crystal,Douglas,ureed@example.net,,0,0,0
411,2019-07-01,Nicole,,toniwade@example.net,+1-533-227-2453x032,0,1,0
412,2019-07-02,Brandon,Torres,,272.471.4232x38021,0,0,1
413,2019-07-02,Amy,Elliott,natalie88@example.com,731-297-5423x6493,0,1,1
414,2019-07-10,Christine,,jonescarrie@example.com,897-450-5729x62749,1,1,0
415,2019-07-18,Amy,Rodriguez,kingstephanie@example.net,414.567.6758x43551,0,1,1
416,2019-07-27,Nichole,Brooks,theodoretorres@example.org,,0,0,0
417,2019-07-30,Brandon,Weaver,snelson@example.net,639-400-2944x52794,1,0,1
418,2019-08-02,Kelly,Perez,qcallahan@example.net,9804252827,0,1,1
419,2019-08-05,Paul,Harrington,emily61@example.com,838-782-0593,1,1,1
420,2019-08-10,Benjamin,,,825.515.3732,0,1,1
421,2019-08-14,Kim,Dickson,lcampbell@example.org,498-769-7994x422,0,1,0
422,2019-08-16,Bruce,Patel,,001-830-886-8817,0,1,1
423,2019-08-19,Sarah,,,,0,0,0
424,2019-08-21,Stephen,,,(868)808-0323,0,1,1
425,2019-08-23,Stacy,Martinez,,+1-995-617-2411x054,0,1,0
426,2019-08-25,Samuel,Schmidt,,785-629-4070,0,1,1
427,2019-08-26,,,,,0,0,0
428,2019-08-27,Christopher,,shannonbarnes@example.com,+1-291-445-7063,0,1,1
429,2019-09-19,Rachel,,scampbell@example.com,293.745.2326,1,1,0
430,2019-09-30,Austin,,pbrown@example.net,,1,0,0
431,2019-10-06,Victoria,,emartin@example.com,+1-239-262-5471x67594,1,0,1
432,2019-10-10,,Mcgee,younganna@example.org,001-928-336-3098x949,1,0,1
433,2019-10-21,Dawn,Jimenez,ylee@example.net,324.444.5372x1139,0,1,1
434,2019-10-22,Marcus,Jackson,cjones@example.net,+1-451-749-3726x812,0,0,1
435,2019-11-04,Cody,Turner,royriley@example.com,+1-449-703-8984,1,1,0
436,2019-11-06,Elizabeth,,james44@example.com,+1-881-828-6153,1,1,1
437,2019-11-07,Kathryn,,johnsontamara@example.com,(459)559-1637,1,1,1
438,2019-11-08,Molly,Edwards,,,0,0,0
439,2019-11-11,Kyle,Lang,,716-742-5631x10897,0,1,1
440,2019-11-14,Elizabeth,Farrell,kelseysanchez@example.org,001-634-625-0100,1,1,0
441,2019-11-18,Lisa,Drake,,754-283-3837x115,0,0,1
442,2019-11-29,,,,+1-940-672-6604x24599,0,1,1
443,2019-11-29,Michael,Miller,veronicamyers@example.net,(595)200-4268x8835,1,1,1
444,2019-12-07,Robert,,patricksanders@example.com,454-585-1431x702,0,1,1
445,2019-12-09,Michelle,Jackson,hallgabriela@example.com,001-747-741-9804x97914,1,1,0
446,2019-12-17,Jill,,rachel45@example.com,786.383.4667,1,1,0
447,2019-12-30,Emily,Kelly,,001-265-274-2286x684,0,1,1
448,2020-01-03,Mark,Johns,,211.947.2034,0,1,1
449,2020-01-08,Lori,Green,alexmorales@example.org,(710)468-8987x784,0,1,0
450,2020-01-08,Melissa,,,270-949-2758,0,1,1
451,2020-01-09,Mark,Thompson,christopher95@example.org,,1,0,0
452,2020-01-11,Theresa,Estrada,briannaguzman@example.org,+1-302-778-1126x50528,1,1,0
453,2020-01-17,Emma,,danielle23@example.com,001-623-517-5234x125,1,1,1
454,2020-01-17,Michael,Morrow,,001-462-430-7602,0,1,1
455,2020-01-22,Larry,Robinson,esalazar@example.org,,1,0,0
456,2020-01-28,Melissa,Smith,jeromemontgomery@example.org,+1-830-803-7370,1,0,1
457,2020-01-30,Latoya,,feliciahamilton@example.com,+1-499-851-3376x3365,0,1,1
458,2020-02-03,Vanessa,,,,0,0,0
459,2020-02-08,David,Morris,yrodriguez@example.net,687.328.7540,0,1,1
460,2020-02-08,Sandra,Wheeler,anthonyrodriguez@example.com,,1,0,0
461,2020-02-13,Charles,,,320.232.0228x4091,0,1,1
462,2020-02-13,Laura,,xfisher@example.com,940-496-4154x56042,1,0,0
463,2020-02-14,Jesse,,,+1-993-642-7731,0,1,1
464,2020-02-14,Tanya,Foster,,764.390.1560,0,1,0
465,2020-02-15,Lee,Nichols,emma20@example.org,(607)722-3306x250,0,1,1
466,2020-02-15,Catherine,Harris,amy76@example.org,,0,0,0
467,2020-02-23,Jason,,,,0,0,0
468,2020-02-24,Jeremy,Butler,justin62@example.org,812-549-6716x71521,0,1,1
469,2020-02-25,Ashley,,fordjeffrey@example.org,(706)373-9606x1051,1,0,1
470,2020-03-01,Carolyn,Castillo,,924-405-5581x9607,0,1,1
471,2020-03-03,Charles,Turner,marykramer@example.org,7486358377,1,1,1
472,2020-03-06,Timothy,,bonillabenjamin@example.net,(288)879-1390x141,0,0,1
473,2020-03-06,Sara,Kirk,,,0,0,0
474,2020-03-07,Kenneth,Wagner,,637-303-2047x937,0,0,0
475,2020-03-09,David,,qperez@example.net,,1,0,0
476,2020-03-11,Edwin,,qreese@example.com,+1-200-599-3371,1,1,1
477,2020-03-13,Cheryl,,mwilson@example.com,,1,0,0
478,2020-03-18,Brianna,Harrell,,+1-391-467-5829,0,1,0
479,2020-03-19,,,,863.736.7259,0,1,0
480,2020-03-22,Michelle,,browntracy@example.net,+1-781-430-6572x98699,0,1,1
481,2020-04-15,Cody,,jonesstephanie@example.com,370-733-8000x848,1,1,1
482,2020-04-15,,Stafford,blackmariah@example.org,696-704-3301x6204,0,1,1
483,2020-04-18,Christopher,,amyparker@example.net,,1,0,0
484,2020-04-21,Mariah,Wilson,jessica47@example.com,581-952-9280x792,1,1,0
485,2020-04-21,Lauren,,maryhudson@example.net,626-717-7631x89758,0,1,1
486,2020-04-28,Kari,Baker,michaelrussell@example.com,(213)601-1109x83559,1,1,1
487,2020-04-29,Elizabeth,,melissagreene@example.com,001-765-459-0417x5749,1,0,1
488,2020-05-03,Sheri,,kevin25@example.net,773-307-9616x767,0,1,1
489,2020-05-05,,Thompson,lfranklin@example.com,,1,0,0
490,2020-05-09,Tara,Johnson,lindsaywright@example.org,,0,0,0
491,2020-05-10,Allison,,,540.477.4754,0,1,0
492,2020-05-10,Sean,Figueroa,ucrosby@example.org,7965540912,1,0,0
493,2020-05-11,Eric,,mbenson@example.net,416-591-9195x31261,0,1,0
494,2020-05-14,Cassandra,Cervantes,escott@example.org,001-850-272-5730x03632,0,1,1
495,2020-05-16,Gabriel,Richmond,icardenas@example.org,+1-567-398-4358x1274,1,1,1
496,2020-05-19,Christina,Jacobs,joshua47@example.net,(961)316-6966,1,1,1
497,2020-05-21,Anthony,Wong,,(816)311-4826x7828,0,1,1
498,2020-05-22,Joshua,Taylor,fthompson@example.org,408.786.2232x830,0,1,1
499,2020-06-01,Rebecca,Valencia,,+1-996-619-8879x4987,0,1,1
500,2020-06-09,Michelle,,xwilliams@example.net,232.949.5384,1,1,0
501,2020-06-12,Anita,,,+1-927-486-3271x512,0,0,1
502,2020-06-13,Suzanne,Smith,qrodriguez@example.net,841-851-7113,1,1,1
503,2020-06-17,Gerald,Romero,,,0,0,0
504,2020-06-17,Shari,Pearson,smithdebbie@example.org,602-972-4307x082,1,1,0
505,2020-06-28,Catherine,,zharris@example.org,+1-272-547-0873x7467,1,1,1
506,2020-06-29,Adam,Bray,ioneill@example.org,730-493-7886x045,1,1,1
507,2020-07-01,Jeffery,Lee,dennisallen@example.net,,1,0,0
508,2020-07-04,Hunter,Coleman,andrew41@example.com,,1,0,0
509,2020-07-06,,,cummingsstephanie@example.org,001-965-205-9727,0,1,1
510,2020-07-07,Tony,Carter,thomasvanessa@example.com,001-408-347-7008x8979,1,1,0
511,2020-07-13,Andrea,Davenport,,(388)808-9297x1908,0,1,1
512,2020-07-27,Amanda,,robin61@example.com,,0,0,0
513,2020-07-29,Casey,,,001-840-897-1648x5591,0,1,1
514,2020-07-30,Sarah,,anthonydavidson@example.org,(268)949-8215x87552,0,1,1
515,2020-07-31,Kayla,Smith,cody05@example.org,919.471.7792x244,0,1,1
516,2020-08-04,Holly,Gomez,ronaldstone@example.org,482-415-0268x51471,0,1,1
517,2020-08-11,Lauren,Mcbride,,358-849-5000x081,0,1,1
518,2020-08-15,Jennifer,,jlopez@example.net,674.558.2698,1,0,1
519,2020-08-16,Amy,Hernandez,mark39@example.net,,0,0,0
520,2020-08-17,Russell,Brown,jamesbutler@example.org,309.640.2018x0122,0,1,1
521,2020-08-23,David,Zuniga,zgraham@example.org,209-334-0018x20809,1,1,0
522,2020-09-03,Sherri,Ferrell,marvin49@example.com,(746)656-1115,0,1,0
523,2020-09-09,Scott,,steven50@example.net,001-211-742-7685,0,1,1
524,2020-09-14,Michael,Murray,troyclarke@example.net,+1-829-348-5387x12872,1,1,1
525,2020-09-20,Anne,Hale,williamskimberly@example.net,326-739-2659x007,0,1,1
526,2020-09-22,Jackie,Booth,blake79@example.net,(589)685-8955x55294,1,1,0
527,2020-09-24,Scott,Mccoy,,,0,0,0
528,2020-09-26,Mark,,harperabigail@example.org,,0,0,0
529,2020-10-02,Jessica,Lopez,,001-950-827-2414x601,0,1,1
530,2020-10-04,Lisa,Suarez,jessicahill@example.com,(936)874-0396x132,1,1,1
531,2020-10-07,Dylan,Henderson,,650-389-5723,0,1,1
532,2020-10-07,Ashley,Ross,,,0,0,0
533,2020-10-09,,,,418.543.9006x73263,0,1,1
534,2020-10-13,Nicole,Rodriguez,,(855)766-7112,0,1,1
535,2020-10-27,Daniel,,,,0,0,0
536,2020-11-06,Regina,Collier,rwerner@example.com,,0,0,0
537,2020-11-08,Russell,Vazquez,aaronjohnston@example.net,,1,0,0
538,2020-11-12,Christopher,Hernandez,jleonard@example.org,(758)945-4886,0,0,1
539,2020-11-16,Robin,,yhenry@example.net,,0,0,0
540,2020-11-16,,,courtney53@example.com,549.997.4312,0,1,1
541,2020-11-17,Heather,,donovanscott@example.net,(415)849-6412,1,1,1
542,2020-11-19,Lindsay,Owens,laurie28@example.com,001-784-984-5864x429,1,0,1
543,2020-11-23,Brent,Rodriguez,brianna41@example.org,+1-639-575-8432x54571,0,1,1
544,2020-11-25,Amanda,Adams,ewilliams@example.org,+1-344-990-3297x1905,1,1,1
545,2020-11-30,,,,(886)267-6100x74673,0,1,0
546,2020-12-16,,Martin,michael22@example.com,+1-338-775-5656x69078,0,0,0
547,2020-12-19,,,paulalewis@example.org,672-716-9531x29430,0,1,1
548,2020-12-23,Eric,Schmidt,penaelizabeth@example.net,229-512-1886x040,1,1,1
549,2020-12-24,Eric,Miles,caseysmith@example.com,+1-402-685-7459x19222,1,1,0
550,2020-12-25,Mary,Sandoval,jhoover@example.org,,0,0,0
551,2020-12-28,Kimberly,Willis,mlarson@example.org,001-539-879-2270x23572,1,1,1
552,2021-01-02,Roger,Casey,,501.403.1773,0,1,1
553,2021-01-06,,Wallace,awilliams@example.net,001-205-778-0079,1,1,0
554,2021-01-11,Gerald,,jack35@example.com,789.313.8838,1,0,1
555,2021-01-18,Matthew,Alvarez,meganfitzgerald@example.com,733.467.5603x84510,1,1,1
556,2021-01-23,Lisa,Hall,johnsonkatherine@example.org,,1,0,0
557,2021-02-02,Kayla,Gentry,,229.412.1446x094,0,1,1
558,2021-02-07,Kayla,Nunez,sarahmorrison@example.com,923-771-6736x647,1,1,1
559,2021-02-09,Kyle,Gill,michaelcohen@example.org,,1,0,0
560,2021-02-14,Colleen,,diana64@example.net,(208)808-4415,1,1,1
561,2021-02-20,Katie,,,+1-338-889-6114,0,1,0
562,2021-02-26,Karen,,kimberly05@example.org,464-447-1823,0,1,1
563,2021-03-04,Matthew,,,(337)935-9526,0,1,0
564,2021-03-12,Julian,Martin,zhoover@example.net,001-761-812-2913x4742,1,0,1
565,2021-03-12,Alexander,,,+1-508-919-7531x6082,0,1,1
566,2021-03-13,Julie,Harper,,,0,0,0
567,2021-03-15,Hannah,,sharonschaefer@example.com,,1,0,0
568,2021-03-17,Lisa,,dsimpson@example.net,(652)761-1926x66688,1,1,1
569,2021-03-17,Christian,Stewart,katrinagrant@example.net,+1-406-299-3620x91743,0,1,1
570,2021-03-18,,Miller,keith35@example.org,(453)994-0416x894,1,1,1
571,2021-04-03,Scott,,jasmin40@example.com,+1-802-211-3865x3529,1,1,1
572,2021-04-03,Christopher,Smith,zwebb@example.org,,0,0,0
573,2021-04-04,Lori,Mitchell,emartinez@example.org,+1-364-727-5477x818,1,1,0
574,2021-04-05,Kelly,Walsh,jacqueline76@example.org,,0,0,0
575,2021-04-06,Megan,Perkins,,,0,0,0
576,2021-04-07,Michael,Taylor,,,0,0,0
577,2021-04-07,,Estrada,cgrant@example.com,,0,0,0
578,2021-04-25,Gerald,,jameswarner@example.net,5588075588,0,1,1
579,2021-04-26,Elizabeth,Mercado,hstone@example.com,(260)465-2961x359,1,1,1
580,2021-05-02,Hannah,,,001-619-465-3786,0,1,1
581,2021-05-05,Megan,,millermichael@example.com,001-263-540-3651,1,1,1
582,2021-05-11,Carrie,Shields,eblackwell@example.net,,0,0,0
583,2021-05-13,Patricia,Cohen,williamsonchristina@example.net,001-566-267-5769x675,0,1,0
584,2021-05-17,Kimberly,Holmes,carolhernandez@example.org,789-945-9328x325,0,1,1
585,2021-05-20,Michael,Navarro,,(985)955-9633x9539,0,1,0
586,2021-05-28,,Franklin,morgannicole@example.com,+1-787-776-3025x3370,1,1,1
587,2021-05-28,Megan,,,589-412-4074x2929,0,1,1
588,2021-06-02,Jillian,Key,heatherwilliams@example.net,,0,0,0
589,2021-06-05,Natalie,Carpenter,,8735633869,0,1,1
590,2021-06-07,Marissa,,,,0,0,0
591,2021-06-14,Sarah,Vincent,,+1-654-752-5010x11878,0,1,0
592,2021-06-19,Joseph,Harris,kgilbert@example.net,365-438-0906x5619,0,1,1
593,2021-06-23,Clinton,,moorejeffrey@example.net,001-630-913-3365,1,1,1
594,2021-06-29,Ashley,Manning,,+1-596-654-9862x415,0,0,1
595,2021-06-30,James,Hicks,melanie32@example.com,+1-703-927-3369,0,1,0
596,2021-07-11,Travis,Cook,,,0,0,0
597,2021-07-12,Susan,,,202-708-3668x36560,0,1,1
598,2021-07-28,Richard,,michaelmartinez@example.org,,0,0,0
599,2021-08-05,Craig,,,,0,0,0
600,2021-08-06,Kaitlyn,,,807-537-1221x71180,0,1,0
601,2021-08-10,Kari,Reid,robertduarte@example.org,,1,0,0
602,2021-08-13,,Graham,,001-463-514-2717,0,0,1
603,2021-08-14,Pamela,Craig,robertobell@example.net,982.503.4306,1,1,1
604,2021-08-18,Brittany,,agarcia@example.org,(444)527-4794,0,1,0
605,2021-08-26,Christopher,,emily45@example.org,924-255-4909,1,1,0
606,2021-08-30,,,richardmiller@example.com,001-251-327-8401,0,1,1
607,2021-08-31,Amber,,brianmoran@example.net,(702)431-1600x014,1,1,0
608,2021-09-05,Carolyn,Clarke,carla78@example.net,(839)722-9265x67447,1,1,1
609,2021-09-11,Christian,,,220-614-9172,0,1,1
610,2021-09-12,,,markjohnson@example.com,,1,0,0
611,2021-09-13,Jason,,lynn65@example.com,(490)992-9286x379,0,1,0
612,2021-09-14,Michelle,Dillon,ewest@example.org,001-638-543-0826x8922,1,1,1
613,2021-09-23,Diane,,smithebony@example.net,,1,0,0
614,2021-09-27,Jeffrey,Rhodes,briannawright@example.org,,0,0,0
615,2021-09-30,Deborah,Norton,,,0,0,0
616,2021-10-02,,Hicks,,362-319-9280x1684,0,1,1
617,2021-10-11,Patrick,,davidguerrero@example.net,344-654-8638,1,1,0
618,2021-10-23,Jonathan,Jones,guzmanalicia@example.org,(917)671-6866x4110,1,1,1
619,2021-10-25,Victoria,Webb,kbrown@example.net,432.321.6839x76647,1,1,0
620,2021-10-29,Kenneth,Taylor,,,0,0,0
621,2021-11-01,Denise,,,+1-824-307-8584x1100,0,1,0
622,2021-11-04,Courtney,,,631-353-8691x4725,0,1,1
623,2021-11-05,Justin,Jordan,michaelmejia@example.net,,0,0,0
624,2021-11-06,Elizabeth,Roberts,jonesrachel@example.net,,1,0,0
625,2021-11-07,Maureen,,ashley31@example.com,,1,0,0
626,2021-11-10,Jennifer,,harrisdanielle@example.com,001-201-789-5351x934,1,1,1
627,2021-11-14,,,,(203)869-9153x21510,0,1,1
628,2021-11-16,,Mcpherson,henrychristopher@example.net,,1,0,0
629,2021-11-19,,,jasmine10@example.net,001-949-203-7407x7021,1,1,1
630,2021-11-21,Antonio,Fry,joshua19@example.com,001-973-859-6198,1,1,1
631,2021-11-24,Charles,Jackson,irubio@example.net,728-634-5202x3529,1,0,1
632,2021-11-27,,,,8297850970,0,1,1
633,2021-11-29,Dale,May,mendozamichele@example.net,(873)279-2515,0,1,0
634,2021-12-02,Lisa,Rice,obrienchristopher@example.com,001-276-941-6776x94379,0,1,0
635,2021-12-04,Joseph,Bennett,lross@example.com,,1,0,0
636,2021-12-07,Bianca,Marshall,kwallace@example.net,509-535-3029,1,1,1
637,2021-12-17,Timothy,Collins,jimmy70@example.org,,0,0,0
638,2021-12-17,Jasmine,Price,,+1-482-223-5769x103,0,0,1
639,2021-12-18,April,Ayala,john86@example.com,+1-636-451-3000x31590,0,1,0
640,2021-12-19,John,Hunter,chadjackson@example.com,+1-836-201-9038x892,1,1,1
641,2021-12-26,William,,mmanning@example.net,+1-496-631-6575x97967,1,1,1
642,2021-12-29,Krystal,,,(416)985-2108x1705,0,1,0
643,2022-01-01,Wanda,,rogerskimberly@example.org,271.917.6806x8853,1,1,1
644,2022-01-01,Mark,Romero,bgreen@example.org,483.527.6041x4238,1,1,1
645,2022-01-04,Kevin,,kimberly64@example.com,+1-863-436-1590x116,1,1,1
646,2022-01-06,,,,470.872.1199x200,0,1,1
647,2022-01-10,Jasmine,Kaiser,estradajamie@example.org,668.465.8378,0,1,0
648,2022-01-11,Larry,Stone,vjenkins@example.com,001-321-972-4857x0694,1,1,1
649,2022-01-30,Barry,Guzman,paula55@example.net,001-395-315-4305x8428,1,1,0
650,2022-01-31,,,,260-494-7955x42515,0,1,1
651,2022-02-04,Mark,King,andrewwebb@example.net,786-518-5493,0,1,0
652,2022-02-16,Christina,Duffy,farnold@example.net,208.654.8656,0,1,1
653,2022-02-17,Aaron,Dougherty,craigmoses@example.net,856.904.6316,0,1,1
654,2022-02-17,Andrea,,rcastro@example.net,607.429.8582,1,1,1
655,2022-02-18,Lauren,,leejohn@example.com,736.617.8612x070,0,1,1
656,2022-02-24,Brittney,Buck,kimberly79@example.org,,1,0,0
657,2022-02-27,,Boyd,swilson@example.com,+1-832-288-1233,0,1,0
658,2022-02-28,Miranda,Sloan,,(533)542-5431x418,0,1,0
659,2022-03-05,Bryan,Jackson,whiteeric@example.com,412.394.5608x864,1,1,1
660,2022-03-25,Derek,Brown,valeriearnold@example.net,(777)666-3098x015,1,1,0
661,2022-03-31,Jason,Clark,cquinn@example.net,660.214.1361x2452,0,1,0
662,2022-04-02,Lisa,Spencer,samuel81@example.net,940.677.3124x167,0,1,0
663,2022-04-02,Alejandra,,thomas41@example.com,,1,0,0
664,2022-04-03,Joseph,Peters,joseph72@example.com,839-378-7407x69263,0,1,1
665,2022-04-06,Heather,Howard,jonesbrandon@example.net,,0,0,0
666,2022-04-08,Sean,Williams,stevensdana@example.com,383.432.1026x68512,1,1,0
667,2022-04-13,Joshua,,rodriguezkenneth@example.net,+1-735-659-1416x26110,0,1,1
668,2022-04-15,Lori,Blair,smunoz@example.net,995-281-0056x9797,0,1,1
669,2022-04-20,,Henry,stevenrichardson@example.net,+1-395-596-5692x05687,1,0,1
670,2022-04-21,Kevin,,lonnie75@example.org,(470)841-4773x58995,1,1,1
671,2022-04-26,Amber,Reid,qwalter@example.net,001-574-346-9507x44390,1,1,1
672,2022-04-27,Rhonda,,,(309)469-9699x23427,0,1,0
673,2022-04-28,,,roberthuff@example.com,(326)854-4651x43190,1,1,1
674,2022-04-30,Kenneth,,,(445)431-0492x6231,0,1,1
675,2022-05-05,Michael,,,,0,0,0
676,2022-05-05,Maria,Winters,lucas52@example.net,,1,0,0
677,2022-05-10,,,wbean@example.com,911.252.6652,0,0,1
678,2022-05-13,Crystal,Calhoun,bryan88@example.net,(360)345-4639x0513,0,1,1
679,2022-05-18,Diana,Lawrence,gonzalezcharlene@example.net,001-592-518-2738x755,0,1,0
680,2022-05-22,David,Carpenter,kmcguire@example.org,,1,0,0
681,2022-05-23,Linda,,wandamorris@example.net,+1-483-798-4179x98573,0,1,1
682,2022-05-25,,,christopher07@example.org,001-401-975-2760,0,1,1
683,2022-05-31,Robert,,,983-728-2350,0,1,1
684,2022-06-05,,,,(488)614-0297,0,1,1
685,2022-06-07,Shelby,Klein,cunninghamchristopher@example.com,501.206.5455,1,1,0
686,2022-06-10,Joseph,,bethanydiaz@example.com,(661)794-7095,0,1,1
687,2022-06-11,Daniel,Edwards,,(736)380-3111x92579,0,1,1
688,2022-06-17,Becky,,albertcampbell@example.com,(365)641-0940x60050,0,1,1
689,2022-06-22,Destiny,Smith,georgebeasley@example.org,923.692.7424x8992,1,1,1
690,2022-06-26,Tracey,,huffmanmichael@example.com,(707)345-7642,0,1,1
691,2022-07-03,Cory,,greermatthew@example.org,,1,0,0
692,2022-07-03,Michael,,parkersteven@example.com,,0,0,0
693,2022-07-14,Ricardo,Chung,gtucker@example.org,+1-689-658-6113,0,1,1
694,2022-07-19,Madison,Reed,hojames@example.org,,1,0,0
695,2022-07-26,Karen,,michael91@example.net,(428)859-5699x1459,0,1,1
696,2022-07-28,Brittany,Gonzales,,668-943-4183x82830,0,1,1
697,2022-07-28,Elizabeth,,victoria47@example.com,558.489.0437x68631,1,1,1
698,2022-08-01,Kayla,,,,0,0,0
699,2022-08-07,Christopher,Mason,rmckenzie@example.com,256-401-0416,0,1,0
700,2022-08-12,,Peterson,apadilla@example.net,001-853-475-2786x2534,1,1,1
701,2022-08-15,Anna,Nelson,jamiehall@example.net,001-409-929-5970x6249,0,1,1
702,2022-08-16,Brandon,,edwin99@example.net,(389)227-8134x160,0,1,1
703,2022-08-20,Shawn,Dawson,samantha35@example.net,453.980.1133x64539,1,1,0
704,2022-08-27,Kimberly,,vfarmer@example.org,001-876-435-9618x49093,1,1,1
705,2022-09-03,Lauren,Mejia,reidmichael@example.com,9883227858,0,1,1
706,2022-09-04,James,Good,vcampbell@example.com,001-266-882-9446x73394,0,1,1
707,2022-09-06,,Edwards,lwalls@example.net,242-379-3884,1,1,0
708,2022-09-08,Cynthia,,debbie06@example.net,(603)282-3094x376,1,1,1
709,2022-09-13,Amy,Curtis,nancy43@example.org,(773)558-9905x238,1,0,1
710,2022-09-17,Tiffany,Lee,,777-278-0636x67017,0,1,0
711,2022-09-24,,Black,linda54@example.com,+1-413-890-9523,1,1,1
712,2022-09-24,,Lowe,iwilliams@example.com,586.855.1341,0,1,1
713,2022-09-27,Michael,Randall,,+1-689-477-4621x6881,0,1,1
714,2022-10-01,Juan,,,(313)448-9368x96575,0,1,1
715,2022-10-02,Dennis,Dillon,,(634)725-0538,0,1,1
716,2022-10-05,Angela,,,(711)305-6321,0,1,1
717,2022-10-13,Mark,,lopezstacy@example.com,(757)232-4224x93307,1,0,1
718,2022-10-16,Rebecca,Rodriguez,ortizjohn@example.org,682.968.5401x849,1,1,1
719,2022-10-23,Beverly,Long,harristammy@example.com,5632528409,1,1,1
720,2022-10-27,Brian,,,(265)931-2400x91082,0,1,1
721,2022-10-31,Randy,King,harristiffany@example.net,,1,0,0
722,2022-11-02,Mark,,,+1-586-346-2673x311,0,1,0
723,2022-11-05,Denise,,cmarshall@example.org,+1-685-862-4836x443,1,1,1
724,2022-11-20,Phillip,,collinskelly@example.net,607-756-9145x603,1,1,0
725,2022-12-01,Leslie,Nguyen,wpennington@example.com,001-492-405-8363x46546,1,1,1
726,2022-12-06,Michelle,,,,0,0,0
727,2022-12-13,Pamela,Chase,,274-577-5101,0,1,1
728,2022-12-22,Julia,,walter35@example.org,+1-288-460-2019x1767,1,1,0
729,2022-12-24,Brian,Price,johnsmith@example.net,763-928-8465,0,1,0
730,2023-01-10,Grace,,carterlori@example.net,001-776-570-1263x38821,1,0,1
731,2023-01-19,Tamara,Crawford,,001-393-719-7019x778,0,1,1
732,2023-02-02,Carolyn,Marshall,longlisa@example.net,530-893-6602,1,1,1
733,2023-02-03,Jennifer,,,310-746-7988x97951,0,0,1
734,2023-02-04,Michael,Beard,johngreen@example.com,927-255-3413x04620,0,1,1
735,2023-02-15,Norman,Brooks,etaylor@example.net,,0,0,0
736,2023-03-07,Melissa,,,(658)699-2726,0,1,0
737,2023-03-17,Jessica,Hernandez,melanie61@example.com,849-827-4870x613,1,1,1
738,2023-03-21,Andrea,,melissapierce@example.com,996.420.8437x09912,1,1,0
739,2023-03-31,Alyssa,Johnson,,,0,0,0
740,2023-04-02,,,michelevaughn@example.net,,0,0,0
741,2023-04-07,Joan,Conway,,(412)723-3721x927,0,1,1
742,2023-04-16,Elizabeth,,evelyn22@example.org,(303)712-8274x980,1,1,1
743,2023-04-19,Evan,,tiffany00@example.com,,1,0,0
744,2023-04-28,Justin,Peters,marshallmarcus@example.org,,0,0,0
745,2023-05-07,Jennifer,Hampton,kennedybrenda@example.org,508-566-9650x57737,0,1,1
746,2023-05-10,Thomas,Rogers,,592.397.2085x1311,0,0,0
747,2023-05-11,Jill,,bowennicole@example.org,876-645-9326,0,1,1
748,2023-05-13,Alexandra,,fgarcia@example.org,616-714-1436x41257,1,1,1
749,2023-05-17,Sara,Gill,lmorris@example.com,001-934-907-6557x6044,0,1,1
750,2023-05-26,Aaron,Snyder,,001-345-446-6713x791,0,1,1
751,2023-05-31,,,,662.611.6871x027,0,1,0
752,2023-06-01,Colin,Hanson,daltoncarol@example.org,,1,0,0
753,2023-06-15,Elizabeth,,mcguirevalerie@example.net,(907)255-2259,1,1,1
754,2023-06-26,Tony,Butler,gregorylawson@example.net,(908)229-9660x2260,0,1,0
755,2023-06-27,Erik,Douglas,gwright@example.net,464.868.4018x92261,1,1,0
756,2023-07-08,Jacob,Durham,,278.908.1496,0,1,1
757,2023-07-12,,,qrobinson@example.com,(537)757-1183x2954,1,1,1
758,2023-07-13,Robert,Diaz,brianfox@example.com,,0,0,0
759,2023-07-13,Jennifer,Robbins,fjohnson@example.com,(230)221-5271x718,1,1,0
760,2023-07-13,Michele,Harris,nelsonjames@example.com,,0,0,0
761,2023-07-21,Elizabeth,Lopez,jpineda@example.org,001-818-419-6789,1,0,0
762,2023-07-29,Sean,,mitchellrachel@example.net,001-982-743-9904x904,0,1,1
763,2023-07-30,Jesus,Jones,,281.258.7520,0,1,0
764,2023-08-03,Jose,Evans,scottgarcia@example.com,885-629-4164x415,0,1,0
765,2023-08-04,Jason,Fowler,,760.740.9398,0,1,0
766,2023-08-07,Jose,Morris,fli@example.org,5467423727,1,1,0
767,2023-08-09,Matthew,,frankreed@example.com,,1,0,0
768,2023-08-12,,Gallagher,beverlyharrison@example.org,698-499-7360x4801,1,1,1
769,2023-08-31,Heather,,edwardsjohn@example.org,452-601-2620x683,0,1,1
770,2023-09-05,Linda,Larsen,dixonelizabeth@example.org,663.377.2667x3764,1,1,1
771,2023-09-24,,,,,0,0,0
772,2023-09-30,Tammy,Sanders,thomaschristopher@example.org,6784294604,0,0,1
773,2023-10-06,Brenda,,,(573)919-8913x747,0,0,1
774,2023-10-11,Larry,Benson,,(498)690-3217x7661,0,1,1
775,2023-10-13,Heather,,vmoses@example.org,001-466-386-3428x719,1,1,1
776,2023-10-16,Jeffrey,Carey,tracy71@example.net,,1,0,0
777,2023-10-18,Joel,,hporter@example.com,297.618.8596x571,1,1,1
778,2023-11-03,Brittany,,carriegriffin@example.org,275-208-9316x0121,1,1,1
779,2023-11-08,Vincent,Hernandez,melaniemorgan@example.com,,0,0,0
780,2023-11-08,Michael,Johnson,gparsons@example.org,001-853-456-1526,0,1,1
781,2023-11-10,,Chandler,sarahmcgrath@example.org,766-430-3768x11447,0,1,1
782,2023-11-10,Gregory,,,001-702-771-1095x63583,0,1,1
783,2023-11-12,Emily,Flores,,779.644.5021x96025,0,1,1
784,2023-11-14,Angela,Jones,fullermichelle@example.org,,1,0,0
785,2023-11-16,James,,ratkins@example.org,001-445-408-5488x247,1,1,1
786,2023-11-17,Joseph,,toddcastaneda@example.com,693-617-2444x822,1,1,1
787,2023-11-21,Linda,Lopez,bergeradam@example.com,(328)942-5205,1,1,1
788,2023-11-22,Christopher,,julianperez@example.com,001-784-937-0530,1,1,1
789,2023-11-24,Nicole,Morrow,lawrencekathy@example.com,(790)692-9064x523,0,1,1
790,2023-11-26,,,andreclark@example.org,(210)263-2574,0,1,1
791,2023-12-01,Denise,Mason,,224.873.1554,0,1,1
792,2023-12-10,Michael,Burgess,daniellehamilton@example.org,(592)215-8334,1,1,1
793,2023-12-15,Nicholas,Dougherty,,715.780.2111,0,1,1
794,2023-12-29,Kelly,,,463.810.9595x59403,0,1,1
795,2024-01-02,Jenny,,uhamilton@example.org,001-388-741-7593x40258,0,1,1
796,2024-01-08,Shannon,Johnson,fieldsdawn@example.com,513.568.2573x9522,1,1,1
797,2024-01-08,Sandra,Merritt,,,0,0,0
798,2024-01-21,Angel,Wright,,+1-949-779-3973x23669,0,1,1
799,2024-02-02,Sherry,,amandabright@example.com,(785)995-1490x8757,0,1,0
800,2024-02-05,,Gibbs,ashleyadams@example.org,(494)567-5307,1,1,1
801,2024-02-13,Anthony,Roberts,reidtaylor@example.net,9033079893,0,1,1
802,2024-02-23,Ashley,,tanyawells@example.org,(562)489-5053x1122,0,1,1
803,2024-02-25,Megan,Barnes,,,0,0,0
804,2024-02-29,James,,rodriguezangela@example.net,8762074070,1,1,1
805,2024-03-02,Bradley,,,284-678-9315x3262,0,0,1
806,2024-03-16,Stephanie,Sims,alanorozco@example.org,8098907162,1,1,1
807,2024-03-19,,,,001-688-816-0028x53151,0,1,1
808,2024-03-21,Andrew,Clark,steve76@example.org,001-659-716-9368,0,1,0
809,2024-03-24,Laura,Smith,odonnelldylan@example.org,,1,0,0
810,2024-04-08,Joy,Hines,,730.662.5030x4530,0,0,1
811,2024-04-10,Thomas,Roberts,scarr@example.net,5909578674,0,1,1
812,2024-04-25,Donald,,chadpowell@example.org,4385310767,1,0,1
813,2024-04-26,Crystal,Garrett,,,0,0,0
814,2024-05-20,Brittany,Delacruz,uclark@example.net,362.447.3674x616,1,1,1
815,2024-05-28,Jason,Fischer,heaton@example.com,(725)980-3895x62198,0,0,1
816,2024-05-29,Melissa,,wkim@example.net,792.578.5798x6913,0,1,1
817,2024-06-02,Sarah,,noblebrenda@example.net,(748)480-5001x03470,0,1,1
818,2024-06-02,Stacey,,fescobar@example.com,583-825-7590x236,0,1,1
819,2024-06-02,Linda,Castillo,ramirezzoe@example.com,520.362.7334x925,1,1,1
820,2024-06-07,,Lewis,arush@example.org,898.820.2141,1,1,0
821,2024-06-07,,Ramirez,alan06@example.net,807.799.5210x8008,0,1,1
822,2024-06-10,Ashley,Blevins,flowersraymond@example.org,605.561.4626x013,0,1,1
823,2024-06-12,Scott,Garrett,,001-441-832-3592x46844,0,1,1
824,2024-06-16,,Johnson,uwilliams@example.net,+1-270-927-7350x247,1,1,0
825,2024-06-24,Susan,Smith,jmontes@example.com,432.400.8995,1,1,1
826,2024-06-24,Gary,Knight,jacksonheather@example.net,526.681.3124,1,1,1
827,2024-06-30,Erik,,brandonsantos@example.net,+1-308-931-2323x736,1,1,1
828,2024-07-04,Wayne,Williams,,670.306.4703,0,1,1
829,2024-07-08,Jermaine,Jones,,,0,0,0
830,2024-07-13,Anthony,Martinez,timothymorris@example.net,346-808-1926x7306,1,1,1
831,2024-07-21,Tina,,,608-853-7885x71946,0,1,1
832,2024-07-25,Susan,,,813.243.1380x7832,0,1,1
833,2024-07-29,Tina,,gina56@example.com,349-254-6676,0,1,0
834,2024-07-29,Bobby,Ramirez,rachelmoore@example.net,661.651.0731,1,1,0
835,2024-07-30,Nicole,James,,,0,0,0
836,2024-07-31,Crystal,,,,0,0,0
837,2024-08-04,,Hart,romerokimberly@example.com,,0,0,0
838,2024-08-05,Teresa,Hunter,connie36@example.com,(541)607-5189x38696,0,1,1
839,2024-08-16,Christopher,,,+1-811-874-1077x75238,0,1,1
840,2024-08-18,Richard,Young,cherylkeith@example.net,001-824-904-0561x8719,0,1,1
841,2024-08-20,Caitlin,Yates,dadkins@example.net,4467775541,1,1,1
842,2024-08-22,Katherine,Adams,,6037916232,0,1,1
843,2024-08-27,Anna,,kathleen07@example.org,,1,0,0
844,2024-08-27,Christina,Miller,,+1-972-568-6539x4973,0,1,0
845,2024-08-30,,,,878.796.8241x841,0,1,1
846,2024-08-31,Joy,,fsmith@example.org,,1,0,0
847,2024-09-01,Allen,Hall,idavis@example.net,+1-586-962-2404x89603,1,1,0
848,2024-09-08,Gregory,Acosta,eelliott@example.com,346-209-1405x549,1,1,0
849,2024-09-18,,,,270.795.4181x6996,0,1,1
850,2024-09-20,Carla,Myers,,389.982.0446,0,1,1
851,2024-09-21,Shannon,Williams,christinebarrett@example.org,462.373.2832x777,0,1,1
852,2024-09-22,Rachel,Francis,,(903)701-9159x45854,0,1,1
853,2024-09-29,Charles,Smith,natasha72@example.com,(516)735-8959,1,1,1
854,2024-10-01,John,Sanchez,rmorris@example.org,827.640.0420x038,1,1,1
855,2024-10-05,Antonio,Marshall,frank45@example.net,257.688.0605x57355,0,1,0
856,2024-10-09,Samantha,,todd05@example.com,001-547-537-8757x204,1,1,1
857,2024-10-09,Jason,Reyes,kwilliams@example.com,(520)935-9003x536,1,1,1
858,2024-10-11,Craig,Cummings,reginaldrobinson@example.net,408.327.0180,1,1,1
859,2024-10-12,Cynthia,Calderon,,826.475.2050x50414,0,1,1
860,2024-10-15,,,caseytaylor@example.net,001-697-367-5502x77272,0,1,1
861,2024-10-19,Monique,Calderon,,942.373.0641x623,0,1,1
862,2024-10-21,Jeffrey,Rice,james63@example.org,589-734-6652x28001,0,1,0
863,2024-10-22,Gregory,Smith,,001-959-737-0564x8567,0,1,1
864,2024-10-23,Regina,Calderon,grayalexander@example.net,757-339-4920x7216,0,1,1
865,2024-10-26,Jill,Hartman,jacksondonald@example.com,+1-573-921-7674,0,1,0
866,2024-10-27,Lawrence,,inelson@example.org,999-282-8006,0,1,0
867,2024-10-31,,Whitaker,carolineyang@example.com,(624)639-7493x2726,0,1,1
868,2024-10-31,Carrie,Hunter,powellscott@example.org,+1-398-920-9353x04268,0,1,1
869,2024-11-01,Frederick,,taylortaylor@example.net,001-410-805-2135,0,1,1
870,2024-11-11,Jessica,Harris,,442-209-8270x487,0,1,1
871,2024-11-12,Kaitlyn,Salinas,rebecca84@example.org,824-397-8625x27988,1,1,0
872,2024-11-16,Kayla,Erickson,sosadonna@example.com,(694)722-3941x6559,1,1,1
873,2024-11-19,Andrew,Gonzalez,josealvarado@example.com,+1-355-500-6240,1,1,1
874,2024-11-23,Kevin,Marquez,ddonovan@example.org,4808878935,1,1,1
875,2024-11-23,Laura,Chandler,stacyday@example.com,,1,0,0
876,2024-11-24,Maria,,zphillips@example.org,354-719-6072x9701,1,1,1
877,2024-11-25,Trevor,Jackson,ipacheco@example.com,,1,0,0
878,2024-11-25,Timothy,Benson,riceamy@example.com,001-616-705-3906,1,0,1
879,2024-11-26,Melissa,,suttonkelly@example.com,520.204.4865x5772,0,1,1
880,2024-11-28,Andrea,,jeremywilliams@example.com,,1,0,0
881,2024-11-28,Benjamin,,,+1-263-394-2790x88250,0,1,1
882,2024-11-29,Michael,Cantrell,gonzalezrobert@example.org,(936)376-9260x010,0,1,1
883,2024-12-02,Kim,,,,0,0,0
884,2024-12-04,Ryan,,fmiller@example.com,3376133959,1,1,1
885,2024-12-10,Benjamin,Cisneros,sday@example.com,479.341.3125,1,1,0
886,2024-12-13,Dylan,,marissa81@example.org,,1,0,0
887,2024-12-13,Danielle,Hill,,(320)258-7345,0,1,0
888,2024-12-16,Derek,,matasuzanne@example.net,,1,0,0
889,2024-12-17,Katrina,Jones,christopher82@example.net,235.828.8388x006,0,1,0
890,2024-12-18,Lisa,,bnewman@example.net,001-763-318-1641x673,1,1,0
891,2024-12-18,Amber,Watson,,381-652-1781x755,0,1,1
892,2024-12-22,,,agarcia@example.org,001-619-393-0931x4968,0,1,1
893,2024-12-22,Aaron,Kelly,vaughnalexandra@example.org,001-230-625-7897x34976,0,1,0
894,2024-12-24,Maria,Williams,,824-556-6863x603,0,1,1
895,2024-12-25,,Wilson,,(963)875-1498x400,0,1,1
896,2024-12-26,Nathan,Holden,qyork@example.org,001-421-667-6991,1,1,1
897,2025-01-04,Corey,Durham,ariel87@example.com,,0,0,0
898,2025-01-07,Jennifer,,sara60@example.com,001-847-672-6831x095,1,1,0
899,2025-01-08,Mitchell,Brown,,6408493260,0,0,0
900,2025-01-09,April,Davis,leejeff@example.net,(440)295-2673,1,1,1
901,2025-01-09,Darius,,william00@example.net,,0,0,0
902,2025-01-10,Howard,Johnson,kellymartin@example.org,001-216-596-3391x095,0,1,1
903,2025-01-11,Stephanie,Johnston,derek53@example.net,,0,0,0
904,2025-01-20,Michael,,,(877)259-7495x3944,0,1,1
905,2025-01-22,Betty,Tanner,oscott@example.com,258-889-5683x72799,1,1,1
906,2025-01-23,Destiny,Walker,larsonheather@example.org,567-559-1893x25639,1,1,1
907,2025-01-23,Patrick,Gallegos,rmueller@example.net,6783411743,1,0,1
908,2025-01-24,Ryan,,dparker@example.net,,1,0,0
909,2025-01-24,Robert,Gray,hleon@example.org,+1-381-372-1555,0,1,1
910,2025-01-30,Sherri,Green,ashley25@example.com,,0,0,0
911,2025-01-31,Charles,,thompsonpamela@example.org,+1-688-428-4834,1,1,1
912,2025-02-02,Xavier,,arobertson@example.com,,1,0,0
913,2025-02-04,George,,wilsonstephanie@example.net,823.990.7152,1,1,1
914,2025-02-05,Gregory,,,(833)957-4297,0,0,0
915,2025-02-08,,,rburke@example.org,511-394-4907x659,1,1,1
916,2025-02-09,Mary,Francis,meyertheresa@example.net,263.761.7113,1,1,0
917,2025-02-14,Kevin,,waltercindy@example.com,(638)732-6678x5135,1,1,1
918,2025-02-15,Stephanie,,ghammond@example.net,218.919.5836x6939,1,1,1
919,2025-02-16,James,Estrada,,001-554-605-2750x37953,0,1,1
920,2025-02-19,Ashley,Lawson,johngarcia@example.org,903-943-9360x6716,0,1,1
921,2025-02-28,Julie,Hoover,,297-226-0545x87967,0,1,1
922,2025-03-01,Nicholas,Rogers,braytodd@example.org,384.272.7514x80199,1,1,0
923,2025-03-01,Hannah,Waller,bfisher@example.org,+1-203-860-1744x651,1,1,1
924,2025-03-16,Jeffrey,Weaver,kylesmith@example.net,,1,0,0
925,2025-03-16,Kevin,Brown,,,0,0,0
926,2025-03-19,Adam,Parker,angelasmith@example.org,001-307-979-6990x669,1,1,1
927,2025-03-23,Kristine,Ramirez,moorechristopher@example.com,001-510-557-4856x6277,0,1,1
928,2025-03-30,Adrienne,Hart,uadkins@example.org,(772)992-0325x7375,1,0,0
929,2025-03-31,Craig,Humphrey,mcgrathedwin@example.com,(569)673-8157,0,1,1
930,2025-03-31,Timothy,,imartinez@example.com,001-369-369-9073x49725,0,1,1
931,2025-04-05,Gary,Vazquez,,(632)283-3007,0,1,1
932,2025-04-06,,Ward,smithchristy@example.com,514.284.0467x714,1,1,0
933,2025-04-21,Joel,Guzman,ymoore@example.com,(962)280-7149x133,1,1,1
934,2025-04-24,Laurie,,vprince@example.org,,1,0,0
935,2025-04-26,Javier,,campbellrobert@example.com,001-957-542-1448x3432,0,1,1
936,2025-04-28,Katherine,,,457-693-7442x2631,0,0,0
937,2025-05-08,Tiffany,Hicks,qvalencia@example.org,(786)968-8378,0,1,1
938,2025-05-12,Jeanette,,,(884)317-6171x3265,0,1,0
939,2025-05-15,Carol,Evans,tristanmccullough@example.net,(402)274-8993x4759,1,1,0
940,2025-05-18,,Watson,,(869)944-1139x6050,0,1,1
941,2025-05-28,Amy,Ortega,qsmith@example.org,380-649-9758x05518,1,0,1
942,2025-06-02,Ryan,Williams,matthewjackson@example.org,,1,0,0
943,2025-06-02,,,,001-855-446-6573x4945,0,1,1
944,2025-06-07,Brian,,alexandereaton@example.net,,1,0,0
945,2025-06-12,Christine,,,,0,0,0
946,2025-06-12,Rachel,Anderson,ejefferson@example.org,5886035702,1,1,1
947,2025-06-16,Katherine,Nelson,sharonsexton@example.net,001-897-445-3843,1,1,1
948,2025-06-17,Joseph,Spencer,,9565181058,0,0,0
949,2025-06-17,Henry,Malone,,898.866.7537,0,1,1
950,2025-06-19,Nicole,,gwendolyn44@example.net,,1,0,0
951,2025-06-26,Amanda,,hunteranderson@example.net,591.938.2537x62347,0,1,0
952,2025-06-27,,Martin,cmorse@example.com,+1-849-777-9450x66778,0,1,1
953,2025-06-28,Cassandra,Bernard,,,0,0,0
954,2025-07-06,Andrew,,yestrada@example.com,001-549-996-4098,1,1,1
955,2025-07-06,Danielle,Jacobson,rayjohnny@example.com,362.954.5048x23941,0,1,1
956,2025-07-08,Patricia,Williams,,951.673.3064x1748,0,1,1
957,2025-07-08,Wayne,Avila,jdean@example.net,001-417-210-3329x4684,0,0,1
958,2025-07-11,Valerie,Roy,poolealexander@example.com,,1,0,0
959,2025-07-17,James,Smith,brianrobertson@example.com,223.991.6544x1162,0,1,0
960,2025-07-22,Xavier,,,903.744.3921x7060,0,0,0
961,2025-07-25,Teresa,Sandoval,,669-548-5964,0,1,1
962,2025-07-26,Sean,,yoconnor@example.net,001-751-962-1824x3965,1,1,1
963,2025-08-04,Kyle,,,+1-948-397-5778x63385,0,1,1
964,2025-08-07,Sherry,Kennedy,olivia41@example.net,834-675-4111x4358,1,1,1
965,2025-08-15,Donna,Lopez,,604-461-1598,0,1,0
966,2025-08-16,Sara,,gordonkristine@example.com,4314751592,0,1,1
967,2025-08-29,Ronald,Wu,mccallmark@example.net,645.714.3689x9206,0,1,1
968,2025-09-05,Jordan,Ray,baileyashley@example.net,(482)483-7645x95331,1,1,1
969,2025-09-06,Johnny,Combs,murillostephanie@example.net,536.254.9691,1,1,1
970,2025-09-06,Toni,Allen,,2868183866,0,1,0
971,2025-09-11,Whitney,Martin,,8846386563,0,1,0
972,2025-09-12,Daniel,Martin,,+1-976-546-2540x715,0,1,1
973,2025-09-15,Alicia,Allen,maurice90@example.org,,1,0,0
974,2025-09-24,Austin,Baldwin,,001-444-259-5214x74207,0,1,1
975,2025-10-02,,,dennismunoz@example.org,001-406-993-2167,0,1,0
976,2025-10-03,,,colejessica@example.org,+1-539-794-5966,1,1,1
977,2025-10-08,Autumn,,,001-283-536-2239,0,1,0
978,2025-10-15,Carol,,patrick58@example.net,897-365-2564x40124,1,1,0
979,2025-10-18,Eric,,,,0,0,0
980,2025-10-29,Michael,,daviddaniels@example.com,001-769-519-8078x9701,1,1,1
981,2025-11-02,Julie,,lisa96@example.com,486.551.0672x794,1,1,1
982,2025-11-08,Autumn,,,274-733-3087x86815,0,1,0
983,2025-11-10,Robert,Barnes,,,0,0,0
984,2025-11-13,Robert,,sanfordkevin@example.org,001-499-237-4873x187,1,1,1
985,2025-11-13,,,,2976260168,0,1,1
986,2025-11-17,Katherine,,lhale@example.com,706.989.3597x1291,1,1,0
987,2025-11-22,John,Tran,williamselizabeth@example.net,,0,0,0
988,2025-11-27,,Wang,mary92@example.com,381-574-7577x0095,1,1,1
989,2025-12-01,Blake,Barker,,,0,0,0
990,2025-12-01,Tonya,Colon,,719-203-3793,0,1,1
991,2025-12-02,Paula,Owens,,(419)250-7132x092,0,0,1
992,2025-12-10,Joseph,,jamesreed@example.org,001-319-534-6308x30580,0,0,1
993,2025-12-11,Monica,Thornton,,611-518-2274x36196,0,1,1
994,2025-12-13,Luke,Miller,,(722)936-8799,0,1,1
995,2025-12-18,Rachel,Warren,,936-268-1516x20293,0,1,1
996,2025-12-18,Patrick,Baker,xgiles@example.org,284-861-7158x74237,1,1,1
997,2025-12-20,Karen,,brandtmichelle@example.com,460.340.4286,1,1,1
998,2025-12-22,,Lopez,,,0,0,0
999,2025-12-26,Nicole,,meaganedwards@example.org,309.414.2646x894,1,1,0
1000,2025-12-26,Jane,Miller,collindorsey@example.org,420.253.8213x6510,0,1,1
